ID,V2017,V2022
1,0208.90," 0208.90
ex 0410.10"
2,0210.99," 0210.99
ex 0410.10"
3,0305.10, 0309.10
4,0306.19," 0306.19
ex 0309.90"
5,0306.39," 0306.39
ex 0309.90"
6,0306.99," 0306.99
ex 0309.90"
7,0307.21,ex 0307.21
8,0307.22,ex 0307.22
9,0307.29,ex 0307.29
10,0307.91," 0307.91
ex 0307.21
ex 0309.90"
11,0307.92," 0307.92
ex 0307.22
ex 0309.90"
12,0307.99," 0307.99
ex 0307.29
ex 0309.90"
13,0308.90," 0308.90
ex 0309.90"
14,0403.10,ex 0403.20
15,0410.00,"ex0410.10
 0410.90
ex1601.00"
16,,"ex1602.10
ex1602.90"
17,0704.10,ex 0704.10
18,0704.90,"ex 0704.10
 0704.90"
19,0709.59," 0709.52
 0709.53
 0709.54
 0709.55
 0709.56
 0709.59"
20,0712.39," 0712,34
 0712.39"
21,0802.90," 0802.91
 0802.92
 0802.99"
22,1211.90," 1211.60
 1211.90"
23,1509.10," 1509.20
 1509.30
 1509.40"
24,1510.00," 1510.10
 1510.90"
25,1515.90," 1515.60
 1515.90"
26,1516.20," 1516.20
 1516.30"
27,1601.00,ex 1601.00
28,1602.10,ex 1602.10
29,1602.90,ex 1602.90
30,1704.90,"ex1602.90
 1704.90
ex3006.93"
31,1806.90,ex1602.90
32,, 1806.90
33,1901.90,"ex0403.20
ex1602.90
 1901.90"
34,1904.90,"ex1602.90
 1904.90"
35,2106.90,"ex1601.00
ex1602.10
ex1602.90
 2106.90
 2404.91
ex3006.93"
36,2202.99," 2202.99
ex3006.93"
37,2403.91," 2403.91
ex 2404.11"
38,2403.99," 2403.99
ex 2404.11
ex 2404.19"
39,2518.30,ex3816.00
40,2844.40," 2844.41
 2844.42
 2844.43
 2844.44"
41,2845.90," 2845.20
 2845.30
 2845.40
 2845.90"
42,2903.31, 2903.62
43,2903.39," 2903.41
 2903.42
 2903.43
 2903.44
 2903.45
 2903.46
 2903.47
 2903.48
 2903.49"
44,," 2903.51
 2903.59
 2903.61
 2903.69"
45,2909.60,ex2909.60
46,2911.00,"ex2909.60
 2911.00"
47,2930.90," 2930.10
 2930.90"
48,2931.31, 2931.41
49,2931.32, 2931.42
50,2931.33, 2931.43
51,2931.34,ex2931.49
52,2931.35, 2931.46
53,2931.36, 2931.47
54,2931.37,ex2931.49
55,2931.38, 2931.45
56,2931.39," 2931.44
 2931.48
ex2931.49
 2931.51
 2931.52
 2931.53
 2931.54
 2931.59"
57,2932.99," 2932.96
 2932.99"
58,2933.33,ex2933.33
59,2933.39,"ex2933.33
28933.34
 2933.35
 2933.36
 2933.37
 2933.39"
60,          2934.99,"               2934.92
               2934.99"
61,          2939.49,              ex2939.49
62,          2939.71,"               2939.45
              ex2939.49
               2939.72"
63,          2939.79,"              ex2939.49
               2939.79"
64,          3002.11,              ex3822.11
65,          3002.13,"               3002.13
              ex3822.11
              ex3822.12
              ex3822.19"
66,          3002.14,"               3002.14
              ex3822.11
              ex3822.12
              ex3822.19"
67,          3002.15,"               3002.15
              ex3822.11
              ex3822.12
              ex3822.19"
68,          3002.20,               3002.41
69,          3002.30,               3002.42
70,          3002.90,"               3002.49
               3002.51
               3002.59
               3002.90"
71,          3002.19,"       This subheading was
       considered by the HS
  Committee to be empty and it
       was therefore deleted"
72,"           30.04 
Applicable subheadings","              ex3006.93
Applicable subheadings of 30.04"
73,          3006.20,               3822.13
74,          3204.19,               3204.18
75,, 3204.19
76,3402.11," 3402.31
 3402.39"
77,3402.12, 3402.41
78,3402.13, 3402.42
79,3402.19, 3402.49
80,3402.20, 3402.50
81,3603.00," 3603.10
 3603.20
 3603.30
 3603.40
 3603.50
 3603.60"
82,3808.59,ex3808.59
83,3808.91,"ex3808.59
 3808.91"
84,3808.92,"ex3808.59
 3808.92"
85,3808.93,"ex3808.59
 3808.93"
86,3808.94,"ex3808.59
 3808.94"
87,3808.99,"ex3808.59
 3808.99"
88,3816.00,ex3816.00
89,3822.00,"ex3822.12
ex3822.19
ex3822.90"
90,3824.71, 3827.11
91,3824.72, 3827.20
92,3824.73, 3827.12
93,3824.74," 3827.31
 3827.32
 3827.39"
94,3824.75, 3827.13
95,3824.76, 3827.14
96,3824.77, 3827.40
97,3824.78," 3827.51
 3827.59
 3827.61
 3827.62
 3827.63
 3827.64
 3827.65
 3827.68
 3827.69"
98,3824.79, 3827.90
99,3824.99," 2404.12
ex 2404.19
 2404.92
 2404.99
ex3006.93
 3824.89
 3824.92
 3824.99"
100,3907.20," 3907.21
 3907.29"
101,3911.90," 3911.20
 3911.90"
102,4015.11,ex4015.12
103,4015.19,"ex4015.12
 4015.19"
104,4401.39," 4401.32
 4401.39"
105,4401.40," 4401.41
 4401.49"
106,4402.90," 4402.20
 4402.90"
107,4403.21," 4403.21
ex4403.22"
108,4403.22,ex4403.22
109,4403.23," 4403.23
ex4403.24"
110,4403.24,ex4403.24
111,4403.25," 4403.25
ex4403.26"
112,4403.26,ex4403.26
113,4403.49," 4403.42
 4403.49"
114,4403.93," 4403.93
ex4403.94"
115,4403.94,ex4403.94
116,4403.95," 4403.95
ex4403.96"
117,4403.96,ex4403.96
118,4407.11," 4407.11
ex4407.13"
119,4407.12," 4407.12
ex4407.13
ex4407.14"
120,4407.19,"ex4407.13
ex4407.14
 4407.19"
121,4407.29," 4407.23
 4407.29"
122,4412.94," 4412.51
 4412.52
 4412.59"
123,4412.99," 4412.41
 4412.42
 4412.49
 4412.91"
124,4412.99," 4412.92
 4412.99"
125,4414.00," 4414.10
 4414.90"
126,4418.10," 4418.11
 4418.19"
127,4418.20," 4418.21
 4418.29"
128,4418.60," 4418.30
ex4418.81
ex4418.82
ex4418.83
ex4418.89"
129,4418.91,"ex4418.81
ex4418.82
ex4418.83
ex4418.89
 4418.91"
130,4418.99,"ex4418.81
ex4418.82
ex4418.83
ex4418.89
ex4418.92
 4418.99"
131,4419.90," 4419.20
 4419.90"
132,4420.10," 4420.11
 4420.19"
133,4421.91,"ex4421.20
 4421.91"
134,4421.99,"ex4421.20
 4421.99"
135,4905.10,ex4905.90
136,4905.91, 4905.20
137,4905.99,ex4905.90
138,5501.10," 5501.11
 5501.19"
139,5703.20," 5703.21
 5703.29"
140,5703.30," 5703.31
 5703.39"
141,5802.11,ex5802.10
142,5802.19,ex5802.10
143,6116.10,ex6116.10
144,6116.91,"ex6116.10
 6116.91"
145,6116.92,"ex6116.10
 6116.92"
146,6116.93,"ex6116.10
 6116.93"
147,6116.99,"ex6116.10
 6116.99"
148,6201.11,ex6201.20
149,6201.12,ex6201.30
150,6201.13,ex6201.40
151,6201.19,ex6201.90
152,6201.91,ex6201.20
153,6201.92,ex6201.30
154,6201.93,ex6201.40
155,6201.99,ex6201.90
156,6202.11,ex6202.20
157,6202.12,ex6202.30
158,6202.13,ex6202.40
159,6202.19,ex6202.90
160,6202.91,ex6202.20
161,6202.92,ex6202.30
162,6202.93,ex6202.40
163,6202.99,ex6202.90
164,6210.20,ex6210.20
165,6210.30,ex6210.30
166,6210.40,"ex6210.20
 6210.40"
167,6210.50,"ex6210.30
 6210.50"
168,6812.92,ex6812.99
169,6812.93,ex6812.99
170,6812.99,ex6812.99
171,6815.10, 6815.19
172,6815.91,ex6815.91
173,6815.99," 6815.11
 6815.12
 6815.13
ex6815.91
 6815.99"
174,7001.00," 7001.00
ex8549.21
ex8549.31
ex8549.91"
175,7019.19, 7019.13
176,7019.31," 7019.14
 7019.15
 7019.19"
177,7019.32, 7019.71
178,7019.39," 7019.62
ex7019.69
 7019.72
 7019.73
ex7019.80
ex7019.90"
179,7019.40," 7019.61
ex7019.65
ex7019.66
ex7019.90"
180,7019.51,"ex7019.63
ex7019.64
ex7019.65
ex7019.69
ex7019.90"
181,7019.52,"ex7019.63
ex7019.64
ex7019.66
ex7019.90"
182,7019.59,"ex7019.63
ex7019.64
ex7019.66
ex7019.69
ex7019.90"
183,7019.90,"ex7019.80
ex7019.90"
184,7104.20," 7104.21
 7104.29"
185,7104.90," 7104.91
 7104.99"
186,7112.91," 7112.91
ex8549.21
ex8549.29"
187,7112.92," 7112.92
ex8549.21
ex8549.29"
188,7112.99, 7112.99
189,,"ex8549.21
ex8549.29"
190,7317.00," 7317.00
ex9021.10
ex9021.29"
191,7318.14," 7318.14
ex9021.10
ex9021.29"
192,7318.15," 7318.15
ex9021.10
ex9021.29"
193,7318.16," 7318.16
ex9021.10
ex9021.29"
194,7318.19," 7318.19
ex9021.10
ex9021.29"
195,7318.22," 7318.22
ex9021.10
ex9021.29"
196,7318.24," 7318.24
ex9021.10
ex9021.29"
197,7318.29," 7318.29
ex9021.10
ex9021.29"
198,7419.10,"ex7419.20
ex7419.80"
199,7419.91,ex7419.20
200,7419.99,ex7419.80
201,8103.90," 8103.91
 8103.99"
202,8106.00," 8106.10
 8106.90"
203,8107.20,ex8112.69
204,8107.30, 8112.61
205,8107.90,ex8112.69
206,8108.90," 8108.90
ex9021.10
ex9021.29"
207,8109.20," 8109.21
 8109.29"
208,8109.30," 8109.31
 8109.39"
209,8109.90," 8109.91
 8109.99"
210,8112.92," 8112.31
 8112.41
 8112.92"
211,8112.99," 8112.39
 8112.49
 8112.99"
212,8414.60," 8414.60
ex8414.70"
213,8414.80,"ex8414.70
ex8414.80"
214,8414.90,ex8414.90
215,8418.10,ex8418.10
216,8418.50,"ex8418.10
 8418.50"
217,8419.19," 8419.12
 8419.19"
218,8419.31,"ex8419.33
 8419.34"
219,8419.32,"ex8419.33
 8419.35"
220,8419.39,"ex8419.33
 8419.39"
221,8421.39," 8421.32
 8421.39
ex 8414.70"
222,8421.99,"ex 8414.90
 8421.99"
223,8428.90," 8428.70
 8428.90"
224,8438.80," 8438.80
ex8479.20"
225,8441.80," 8441.80
ex8485.80"
226,8462.10," 8462.11
 8462.19
ex8462.51
ex8462.59
ex8462.61
ex8462.62
ex8462.63
ex8462.69
ex8462.90"
227,8462.21,"ex8462.22
 8462.23
 8462.24
 8462.25
 8462.26
ex8462.29
ex8462.51
ex8462.61
ex8462.62
ex8462.63
ex8462.69"
228,,ex8462.90
229,8462.29,"ex8462.22
ex8462.29
ex8462.59
ex8462.61
ex8462.62
ex8462.63
ex8462.69
ex8462.90"
230,8462.31,"ex8462.32
 8462.33
ex8462.51
ex8462.61
ex8462.62
ex8462.63
ex8462.69
ex8462.90"
231,8462.39,"ex8462.32
 8462.39
ex8462.59
ex8462.61
ex8462.62
ex8462.63
ex8462.69
ex8462.90"
232,8462.41,"ex8462.42
ex8462.51
ex8462.61
ex8462.62
ex8462.63
ex8462.69
ex8462.90"
233,8462.49,"ex8462.49
ex8462.59
ex8462.61
ex8462.62
ex8462.63
ex8462.69
ex8462.90"
234,8462.91,"ex8462.61
ex8462.90"
235,8462.99,"ex8462.42
ex8462.49
ex8462.62
ex8462.63
ex8462.69
ex8462.90"
236,8463.90," 8463.90
 8485.10"
237,8465.99," 8465.99
ex8485.80"
238,8466.94," 8466.94
ex8485.90"
239,8475.29," 8475.29
ex8485.30"
240,8475.90," 8475.90
ex8485.90"
241,8477.80," 8477.80
 8485.20"
242,8477.90," 8477.90
ex8485.90"
243,8479.20,ex8479.20
244,8479.81," 8479.81
ex8479.83"
245,8479.89,"ex8479.83
 8479.89
ex8485.30
ex8485.80"
246,8479.90," 8479.90
ex8485.90"
247,8501.31," 8501.31
 8501.71
ex8501.72"
248,8501.32," 8501.32
ex8501.72"
249,8501.33, 8501.33
250,,ex8501.72
251,             8501.34," 8501.34
ex8501.72"
252,             8501.61," 8501.61
ex8501.80"
253,             8501.62," 8501.62
ex8501.80"
254,             8501.63," 8501.63
ex8501.80"
255,             8501.64," 8501.64
ex8501.80"
256,             8507.40,ex8507.80
257,             8507.80,ex8507.80
258,             8514.10," 8514.11
 8514.19"
259,             8514.30," 8514.31
 8514.32
 8514.39"
260,             8517.12," 8517.13
 8517.14"
261,             8517.70," 8517.71
 8517.79"
262,             8519.50,ex8519.81
263,             8519.81,ex8519.81
264,"Applicable subheadings, in
particular in headings 84.13,
84.14, 84.15, 84.17, 84.18,
84.19, 84.21, 84.22, 84.23,
84.24, 84.31, 84.36, 84.38,
84.41, 84.43, 84.48, 84.50,
84.51, 84.52, 84.66, 84.73,
84.75, 84.76, 84.77, 84.78,
84.79, 84.86, 85.03, 85.04,
85.08, 85.09, 85.10, 85.12,
  85.14, 85.16, 85.17, 85.18,
  85.22, 85.29, 85.30, 85.31,
  85.38, 85.43, 85.48, 86.07,
  87.08, 87.14, 87.16, 88.03,
  88.05, 90.05, 90.06, 90.07,
  90.08, 90.10, 90.11, 90.12,
  90.13, 90.14, 90.15, 90.17,
  90.18, 90.19, 90.20, 90.21,
  90.22, 90.23, 90.24, 90.25,
  90.26, 90.27, 90.28, 90.29,
  90.30, 90.31, 90.32, 90.33,
95.03, 95.04, 95.05 and 95.06.
","ex8524.12
ex8524.19
ex8524.91
ex8524.92
ex8524.99
"
265,                8525.80," 8525.81
 8525.82
 8525.83
 8525.89
ex8806.21
ex8806.22
ex8806.23
ex8806.24
ex8806.29
ex8806.91
ex8806.92
ex8806.93
ex8806.94
ex8806.99"
266,"   Applicable subheadings in
 particular in headings 84.13,
  84.14, 84.15, 84.17, 84.18,
  84.19, 84.21, 84.22, 84.23,
  84.24, 84.31, 84.36, 84.38,
  84.41, 84.43, 84.48, 84.50,
  84.51, 84.52, 84.66, 84.73,
  84.75, 84.76, 84.77, 84.78,
  84.79, 84.86, 85.03, 85.04,
  85.08, 85.09, 85.10, 85.12,
  85.14, 85.16, 85.17, 85.18,
  85.22, 85.29, 85.30, 85.31,
  85.38, 85.43, 85.48, 86.07,
  87.08, 87.14, 87.16, 88.03,
  88.05, 90.05, 90.06, 90.07,
  90.08, 90.10, 90.11, 90.12,
  90.13, 90.14, 90.15, 90.17,
  90.18, 90.19, 90.20, 90.21,
  90.22, 90.23, 90.24, 90.25,
  90.26, 90.27, 90.28, 90.29,
  90.30, 90.31, 90.32, 90.33,
95.03, 95.04, 95.05 and 95.06", 8529.90
267,               8539.50, 8539.52
268,               8539.90,"ex8539.51
 8539.90"
269,               8541.40," 8541.41
 8541.42
 8541.43
 8541.49"
270,"   Applicable subheadings, in
  particular in headings 84.22,
   84.31, 84.43, 84.50, 84.66,
   84.73, 84.76, 85.04, 85.17,
   85.18, 85.22, 85.29, 85.30,
   85.31, 85.35, 85.36, 85.37,
   85.38, 85.43, 85.48, 90.25,
   90.26, 90.30, 90.31, 90.32,
 90.33, 93.05, 93.06 and 95.04

"," 8541.51  
8541.59"
271,               8543.70,"ex8539.51
 8543.40
 8543.70"
272,               8543.90,"ex8539.90
 8543.90"
273,               8548.10," 8549.11
 8549.12
 8549.13
 8549.14
 8549.19"
274,               8548.90, 8548.00
275,"   Applicable subheadings, in
particular in Chapters 38, 70, 71,
       84, 85, 90, 91 and 95
"," 8549.21 
 8549.29
 8549.31
 8549.39
 8549.91
 8549.99"
276,               8701.20," 8701.21
 8701.22
 8701.23
 8701.24
 8701.29"
277,               8704.21," 8704.21
ex8704.41"
278,8704.22," 8704.22
ex8704.42"
279,8704.23," 8704.23
ex8704.43"
280,8704.31," 8704.31
ex8704,51"
281,8704.32," 8704.32
ex8704.52"
282,8704.90,"ex8704.41
ex8704.42
ex8704.43
ex8704.51
ex8704.52
 8704.60
 8704.90"
283,8708.29," 8708.22
 8708.29"
284,8802.11," 8802.11
ex8806.10
ex8806.21
ex8806.22
ex8806.23
ex8806.24
ex8806.29
ex8806.91
ex8806.92
ex8806.93
ex8806.94
ex8806.99"
285,8802.12," 8802.12
ex8806.10
ex8806.29
ex8806.99"
286,8802.20," 8802.20
ex8806.10
ex8806.21
ex8806.22
ex8806.23
ex8806.24
ex8806.29
ex8806.91
ex8806.92
ex8806.93
ex8806.94
ex8806.99"
287,8802.30, 8802.30
288,,"ex8806.10
ex8806.29
ex8806.99"
289,8802.40," 8802.40
ex8806.10
ex8806.29
ex8806.99"
290,8803.10, 8807.10
291,8803.20, 8807.20
292,8803.30, 8807.30
293,8803.90, 8807.90
294,8903.10," 8903.11
 8903.12
 8903.19"
295,8903.91," 8903.21
 8903.22
 8903.23"
296,8903.92," 8903.31
 8903.32
 8903.33"
297,8903.99," 8903.93
 8903.99"
298,9006.51,"ex9006.53
ex9006.59"
299,9006.52,ex9006.59
300,9006.53,ex9006.53
301,9006.59,ex9006.59
302,9018.90," 9018.90
ex9022.21
ex9022.29"
303,9021.10,ex9021.10
304,9021.29,ex9021.29
305,9022.21,ex9022.21
306,9022.29,ex9022.29
307,9027.80," 9027.81
 9027.89"
308,9114.10,ex9114.90
309,9401.30," 9401.31
 9401.39"
310,9401.40," 9401.41
 9401.49"
311,9401.90," 9401.91
 9401.99"
312,9403.90," 9403.91
 9403.99"
313,9404.90," 9404.40
 9404.90"
314,9405.10,"ex8539.51
 9405.11
 9405.19"
315,9405.20,"ex8539.51
 9405.21
 9405.29"
316,9405.30,"ex8539.51
 9405.31
 9405.39"
317,9405.40,"ex8539.51
 9405.41
 9405.42
 9405.49"
318,9405.60," 9405.61
 9405.69"
319,9405.99,"ex8539.90
 9405.99"
320,9406.90,"9406.20
9406.90"
321,9508.90,"9508.21
9508.22
9508.23
9508.24
9508.25
9508.26
9508.29
9508.30
9508.40"
322,9701.10,"9701.21
9701.91"
323,9701.90,"9701.22
9701.29
9701.92
9701.99"
324,9702.00,"9702.10
9702.90"
325,9703.00,"9703.10
9703.90"
326,9705.00,"9705.10
9705.21
9705.22
9705.29
9705.31
9705.39"
327,9706.00,"9706.10
9706.90"
